<?xml version="1.0" encoding="UTF-8"?>
<!--
 * CubeCart v6
 * ========================================
 * CubeCart is a registered trade mark of CubeCart Limited
 * Copyright CubeCart Limited 2014. All rights reserved.
 * UK Private Limited Company No. 5323904
 * ========================================
 * Web:   http://www.cubecart.com
 * Email:  sales@devellion.com
 * License:  GPL-2.0 http://opensource.org/licenses/GPL-2.0
-->
<emails version="2.0" language="es-ES"><email name="admin.password_recovery"><subject><![CDATA[Recuperación de contraseña del Admin.]]></subject> <content type="html"><![CDATA[<p>Estimado/a {$DATA.name},</p> 
<p>Para poder volver a acceder al panel de control de administración de las tiendas. Por favor, siga el enlace siguiente:</p> 
<p><a href="{$DATA.link}">{$DATA.link}</a></p> 
<p>Si el enlace anterior no funciona, por favor, copie y péguelo en la barra de direcciones de su navegador.</p>]]></content> <content type="text"><![CDATA[Estimado/a {$DATA.name},
 
Para poder volver a acceder al panel de control de administración de las tiendas. Por favor, siga el enlace siguiente:
 
{$DATA.link}
 
Si el enlace anterior no funciona, por favor, copie y péguelo en la barra de direcciones de su navegador.]]></content></email>
<email name="cart.order_complete"><subject><![CDATA[Pedido completado]]></subject> <content type="html"><![CDATA[<p>Hola, {$DATA.first_name},</p> 
<p>Nos complace indicarle que el pedido número {$DATA.cart_order_id} ha sido completado. Si ha pedido mercancías físicas, estas no tardarán en llegar.</p>]]></content> <content type="text"><![CDATA[Hola, {$DATA.first_name},
 
Nos complace indicarle que el pedido número {$DATA.cart_order_id} ha sido completado. Si ha pedido mercancías físicas, estas no tardarán en llegar.
 
]]></content></email>
<email name="cart.order_cancelled"><subject><![CDATA[Pedido cancelado]]></subject> <content type="html"><![CDATA[<p>Hola, {$DATA.first_name},</p> 
<p>El pedido número {$DATA.cart_order_id} ha sido cancelado.</p>]]></content> <content type="text"><![CDATA[Hola, {$DATA.first_name},
 
El pedido número {$DATA.cart_order_id} ha sido cancelado.]]></content></email>
<email name="cart.order_confirmation"><subject><![CDATA[Confirmación de pedido #{$DATA.cart_order_id}]]></subject> <content type="html"><![CDATA[<p>Muchas gracias, {$DATA.first_name}!</p>
<p>Hemos recibido su pedido {$DATA.cart_order_id} que fue realizado el {$DATA.order_date}. Por favor, conserve este mensaje para sus registros. Puede ver el estado de su pedido en línea.</p> 
<p><a href="{$DATA.link}">{$DATA.link}</a></p>
<table width="100%">
  <tr>
    <td valign="top" width="50%"><strong>Dirección de facturación:</strong><br />
      {$BILLING.first_name} {$BILLING.last_name}<br />
      {if !empty({$BILLING.company_name})}{$BILLING.company_name}<br />
      {/if}
      {$BILLING.line1}<br />
      {if !empty({$BILLING.line2})}{$BILLING.line2}<br />
      {/if}
      {$BILLING.town}<br />
      {$BILLING.state}<br />
      {$BILLING.postcode}<br />
      {$BILLING.country}<br />
      {$BILLING.phone}<br />
      <br />
      <strong>Correo electrónico:</strong><br />
      {$BILLING.email}</td>
    <td valign="top" width="50%"><strong>Dirección de envío:</strong><br />
      {$SHIPPING.first_name} {$SHIPPING.last_name}<br />
      {if !empty({$SHIPPING.company_name})}{$SHIPPING.company_name} <br />
      {/if}{$SHIPPING.line1}<br />
      {if !empty({$SHIPPING.line2})}{$SHIPPING.line2} <br />
      {/if}{$SHIPPING.town}<br />
      {$SHIPPING.state}<br />
      {$SHIPPING.postcode}<br />
      {$SHIPPING.country}</td>
  </tr>
</table>
<table border="0" cellpadding="3" cellspacing="0" width="100%">
  <tbody>
    <tr>
      <td><strong>Artículo</strong></td>
      <td><strong>Cantidad</strong></td>
      <td><strong>Coste</strong></td>
    </tr>
  {foreach from=$PRODUCTS item=product}
  <tr>
    <td>{$product.name} <br />{$product.product_options}</td>
    <td>{$product.quantity}</td>
    <td>{$product.price}</td>
  </tr>
  {/foreach}
  <tr>
    <td>&nbsp;</td>
    <td> Envío: {if $DATA.ship_method}({$DATA.ship_method}){/if}</td>
    <td> {$DATA.shipping}</td>
  </tr>
  <tr>
    <td>&nbsp;</td>
    <td> Descuento:</td>
    <td> {$DATA.discount}</td>
  </tr>
  <tr>
    <td>&nbsp;</td>
    <td> Subtotal:</td>
    <td> {$DATA.subtotal}</td>
  </tr>
  {foreach from=$TAXES item=tax}
  <tr>
    <td>&nbsp;</td>
    <td> {$tax.tax_name}: ({$tax.tax_percent}%)</td>
    <td> {$tax.tax_amount}</td>
  </tr>
  {/foreach}
  <tr>
    <td>&nbsp;</td>
    <td><strong>Total del pedido: </strong></td>
    <td><strong>{$DATA.total}</strong></td>
  </tr>
  </tbody>
  
</table>]]></content> <content type="text"><![CDATA[Muchas gracias, {$DATA.first_name}!

Hemos recibido su pedido {$DATA.cart_order_id} que fue realizado el {$DATA.order_date}. Por favor, conserve este mensaje para sus registros. Puede ver el estado de su pedido en línea. 

{$DATA.link}

----------------------------------------------------------------------
Dirección de facturación:
  {$BILLING.first_name} {$BILLING.last_name}
  {if !empty({$BILLING.company_name})}{$BILLING.company_name}
  {/if}{$BILLING.line1}
  {if !empty({$BILLING.line2})}{$BILLING.line2}
  {/if}{$BILLING.town}
  {$BILLING.state}
  {$BILLING.postcode}
  {$BILLING.country}
  {$BILLING.phone}

Correo electrónico:
  {$BILLING.email}

Dirección de envío:
  {$SHIPPING.first_name} {$SHIPPING.last_name}
  {if !empty({$SHIPPING.company_name})}{$SHIPPING.company_name}
  {/if}{$SHIPPING.line1}
  {if !empty({$SHIPPING.line2})}{$SHIPPING.line2}
  {/if}{$SHIPPING.town}
  {$SHIPPING.state}
  {$SHIPPING.postcode}
  {$SHIPPING.country}

----------------------------------------------------------------------
Artículos en su pedido

{foreach from=$PRODUCTS item=product}
-----------------------------------
{$product.name}
{$product.product_options}

  Número de pieza: {$product.product_code}
  Precio por unidad: {$product.price}
  Cdad.: {$product.quantity}

{/foreach}
-----------------------------------
  Subtotal: {$DATA.subtotal}
  Descuento: {$DATA.discount}
  Envío: {$DATA.shipping} {if $DATA.ship_method}({$DATA.ship_method}){/if}
  {foreach from=$TAXES item=tax}{$tax.tax_name} ({$tax.tax_percent}%): {$tax.tax_amount}
  {/foreach}
  --------------------------
  Total del pedido: {$DATA.total}
  ==========================
]]></content></email>
<email name="cart.payment_fraud"><subject><![CDATA[Problema con el pedido]]></subject> <content type="html"><![CDATA[<p>Hola, {$DATA.first_name},</p> 
<p>Lo sentimos mucho, pero no hemos podido aceptar el pago del pedido {$DATA.cart_order_id}. Por favor, no dude en contactar con un miembro de nuestro personal si tiene alguna pregunta.</p>]]></content> <content type="text"><![CDATA[Hola, {$DATA.first_name},
 
Lo sentimos mucho, pero no hemos podido aceptar el pago del pedido {$DATA.cart_order_id}. Por favor, no dude en contactar con un miembro de nuestro personal si tiene alguna pregunta.]]></content></email>
<email name="account.password_recovery"><subject><![CDATA[Recuperación de contraseña]]></subject> <content type="html"><![CDATA[<p>Estimado/a {$DATA.first_name} {$DATA.last_name},<br /> 
<br /> 
Para borrar su contraseña y crear otra, haga clic en el siguiente vínculo o copie y pegue la dirección en la barra de direcciones de su navegador. Una vez que esté en la página web, recibirá instrucciones para introducir y confirmar su nueva contraseña.<br /> 
<br /> 
<a href="{$DATA.reset_link}">{$DATA.reset_link}</a><br /> 
<br /> 
Si necesita más ayuda para restablecer su contraseña, por favor, póngase en contacto con nosotros.</p>]]></content> <content type="text"><![CDATA[Hola, {$DATA.first_name},
 
Para borrar su contraseña y crear otra, haga clic en el siguiente vínculo o copie y pegue la dirección en la barra de direcciones de su navegador. Una vez que esté en la página web, recibirá instrucciones para introducir y confirmar su nueva contraseña.
 
{$DATA.reset_link}
 
Si necesita más ayuda para restablecer su contraseña, por favor, póngase en contacto con nosotros.]]></content></email>
<email name="admin.order_received"><subject><![CDATA[Nuevo pedido #{$DATA.cart_order_id}]]></subject> <content type="html"><![CDATA[<p>{$DATA.first_name} {$DATA.last_name} {if !empty({$BILLING.company_name})}({$BILLING.company_name}){/if} acaba de realizar el pedido número {$DATA.cart_order_id} el {$DATA.order_date}.</p>
<p>Este pedido puede gestionarse en línea siguiendo el enlace que aparece a continuación.</p> 
<p><a href="{$DATA.link}">{$DATA.link}</a></p>
<table width="100%">
  <tr>
    <td valign="top" width="50%"><strong>Dirección de facturación:</strong><br />
      {$BILLING.first_name} {$BILLING.last_name}<br />
      {if !empty({$BILLING.company_name})}{$BILLING.company_name}<br />
      {/if}
      {$BILLING.line1}<br />
      {if !empty({$BILLING.line2})}{$BILLING.line2}<br />
      {/if}
      {$BILLING.town}<br />
      {$BILLING.state}<br />
      {$BILLING.postcode}<br />
      {$BILLING.country}<br />
      {$BILLING.phone}<br />
      <br />
      <strong>Correo electrónico:</strong><br />
      {$BILLING.email}</td>
    <td valign="top" width="50%"><strong>Dirección de envío:</strong><br />
      {$SHIPPING.first_name} {$SHIPPING.last_name}<br />
      {if !empty({$SHIPPING.company_name})}{$SHIPPING.company_name} <br />
      {/if}{$SHIPPING.line1}<br />
      {if !empty({$SHIPPING.line2})}{$SHIPPING.line2} <br />
      {/if}{$SHIPPING.town}<br />
      {$SHIPPING.state}<br />
      {$SHIPPING.postcode}<br />
      {$SHIPPING.country}</td>
  </tr>
</table>
<table border="0" cellpadding="3" cellspacing="0" width="100%">
  <tbody>
    <tr>
      <td><strong>Artículo</strong></td>
      <td><strong>Cantidad</strong></td>
      <td><strong>Coste</strong></td>
    </tr>
  {foreach from=$PRODUCTS item=product}
  <tr>
    <td>{$product.name} <br />{$product.product_options}</td>
    <td>{$product.quantity}</td>
    <td>{$product.price}</td>
  </tr>
  {/foreach}
  <tr>
    <td>&nbsp;</td>
    <td> Envío: {if $DATA.ship_method}({$DATA.ship_method}){/if}</td>
    <td> {$DATA.shipping}</td>
  </tr>
  <tr>
    <td>&nbsp;</td>
    <td> Descuento:</td>
    <td> {$DATA.discount}</td>
  </tr>
  <tr>
    <td>&nbsp;</td>
    <td> Subtotal:</td>
    <td> {$DATA.subtotal}</td>
  </tr>
  {foreach from=$TAXES item=tax}
  <tr>
    <td>&nbsp;</td>
    <td> {$tax.tax_name}: ({$tax.tax_percent}%)</td>
    <td> {$tax.tax_amount}</td>
  </tr>
  {/foreach}
  <tr>
    <td>&nbsp;</td>
    <td><strong>Total del pedido: </strong></td>
    <td><strong>{$DATA.total}</strong></td>
  </tr>
  </tbody>
  
</table>]]></content> <content type="text"><![CDATA[{$DATA.first_name} {$DATA.last_name} {if !empty({$BILLING.company_name})}({$BILLING.company_name}){/if} acaba de realizar el pedido número {$DATA.cart_order_id} el {$DATA.order_date}.

Este pedido puede gestionarse en línea siguiendo el enlace que aparece a continuación.

{$DATA.link}

----------------------------------------------------------------------
Dirección de facturación:
  {$BILLING.first_name} {$BILLING.last_name}
  {if !empty({$BILLING.company_name})}{$BILLING.company_name}
  {/if}{$BILLING.line1}
  {if !empty({$BILLING.line2})}{$BILLING.line2}
  {/if}{$BILLING.town}
  {$BILLING.state}
  {$BILLING.postcode}
  {$BILLING.country}
  {$BILLING.phone}

Correo electrónico:
  {$BILLING.email}

Dirección de envío:
  {$SHIPPING.first_name} {$SHIPPING.last_name}
  {if !empty({$SHIPPING.company_name})}{$SHIPPING.company_name}
  {/if}{$SHIPPING.line1}
  {if !empty({$SHIPPING.line2})}{$SHIPPING.line2}
  {/if}{$SHIPPING.town}
  {$SHIPPING.state}
  {$SHIPPING.postcode}
  {$SHIPPING.country}

----------------------------------------------------------------------
Artículos en su pedido

{foreach from=$PRODUCTS item=product}
-----------------------------------
{$product.name}
{$product.product_options}

  Número de pieza: {$product.product_code}
  Precio por unidad: {$product.price}
  Cdad.: {$product.quantity}

{/foreach}
-----------------------------------
  Subtotal: {$DATA.subtotal}
  Descuento: {$DATA.discount}
  Envío: {$DATA.shipping} {if $DATA.ship_method}({$DATA.ship_method}){/if}
  {foreach from=$TAXES item=tax}{$tax.tax_name} ({$tax.tax_percent}%): {$tax.tax_amount}
  {/foreach}
  --------------------------
  Total del pedido: {$DATA.total}
  ==========================
]]></content></email>
<email name="admin.review_added"><subject><![CDATA[Nueva opinión sobre un producto]]></subject> <content type="html"><![CDATA[{$DATA.name} ha enviado una nueva opinión/comentario sobre '{$DATA.product_name}'. Puede ser moderado siguiendo el enlace que aparece a continuación.
<p><strong>Enlace de moderación:</strong><br /><a href='{$DATA.link}'>{$DATA.link}</a></p> 
<p><strong>Texto de la opinión:</strong><br />{$DATA.review}</p>]]></content> <content type="text"><![CDATA[{$DATA.name} ha enviado una nueva opinión/comentario sobre '{$DATA.product_name}'. Puede ser moderado siguiendo el enlace que aparece a continuación.
 
Enlace de moderación: 
{$DATA.link}
Texto de la opinión:
{$DATA.review}]]></content></email>
<email name="cart.digital_download"><subject><![CDATA[Sus descargas compradas]]></subject> <content type="html"><![CDATA[<p>Hola, {$DATA.first_name},</p> 
<p>Sus archivos digitales están listos para su descarga. Por favor, utilice los enlaces que se proporcionan a continuación para acceder a ellos:</p> 
{foreach from=$DOWNLOADS item=download} 
<p><strong>{$download.name}:</strong> (El enlace caduca en {$download.expire}<strong>)</strong><br /> 
<a href="{$download.url}">{$download.url}</a></p>  
{/foreach}
<p>Si los enlaces anteriores no funcionan, por favor, intente copiar y pegar las direcciones en la barra de direcciones de su navegador. También puede encontrar acceso a estos archivos desde el área del cliente de su sitio web.</p> 
<p>&nbsp;</p>]]></content> <content type="text"><![CDATA[Hola, {$DATA.first_name},
 
Sus archivos digitales están listos para su descarga. Por favor, utilice los enlaces que se proporcionan a continuación para acceder a ellos:
 
{foreach from=$DOWNLOADS item=download} 
{$download.name}: (El enlace caduca en {$download.expire})
{$download.url}
{/foreach}
 
Si los enlaces anteriores no funcionan, por favor, intente copiar y pegar las direcciones en la barra de direcciones de su navegador. También puede encontrar acceso a estos archivos desde el área del cliente de su sitio web.]]></content></email>
<email name="cart.gift_certificate"><subject><![CDATA[Su certificado de regalo]]></subject> <content type="html"><![CDATA[<p>Estimado/a {$DATA.name},</p> 
<p>Nos complace enviarle este certificado de regalo que podrá utilizar para la compra de cualquier artículo de nuestro sitio web.</p> 
<p>¡Feliz compra!</p> 
<p><strong>De: </strong>{$DATA.first_name} {$DATA.last_name}<br /> 
<strong>Importe: </strong>{$DATA.value}<br /> 
<strong>Código del certificado:</strong> {$DATA.code}<br /> 
<strong>Mensaje del regalo:</strong> {$DATA.message}</p> 
<p>-------------------</p> 
<p>Para canjear este ceritficado de regalo, por favor, introduzca el &quot;Código del certificado&quot; que aparece más arriba en el campo de texto con la etiqueta &quot;Añadir Certificado o Cupón de regalo&quot; durante el paso por caja.</p> 
<p>¿Por qué no gastarlo ahora mismo?</p>]]></content> <content type="text"><![CDATA[Estimado/a {$DATA.name},
 
Nos complace enviarle este certificado de regalo que podrá utilizar para la compra de cualquier artículo de nuestro sitio web.
 
¡Felices compras!
 
De: {$DATA.first_name} {$DATA.last_name}
Importe: {$DATA.value}
Código del certificado: {$DATA.code}
Mensaje del regalo: {$DATA.message}
 
-------------------
 
Parra canjear este certificado de regalo, por favor, introduzca el "Código del certificado" que aparece más arriba en el campo de texto con la etiqueta "Añadir Certificado o Cupón de regalo" durante el paso por caja.
 
¿Por qué no gastarlo ahora mismo?]]></content></email>
<email name="catalogue.tell_friend"><subject><![CDATA[{$DATA.from} ha recomendado algo]]></subject> <content type="html"><![CDATA[Estimado/a {$DATA.to},
<p>Su amigo/a <strong>{$DATA.from}</strong> pensó que quizá le interesaría <strong>{$DATA.name}</strong>.</p> 
<p><strong>Enlace al producto:</strong> <a href="{$DATA.link}">{$DATA.name}</a></p> 
<p>{$DATA.message}</p>]]></content> <content type="text"><![CDATA[Estimado/a {$DATA.to},
 
Su amigo/a {$DATA.from} pensó que quizá le interesaría '{$DATA.name}'.
 
{$DATA.name}
Enlace al producto: {$DATA.link}
 
{$DATA.message}]]></content></email>
<email name="cart.payment_received"><subject><![CDATA[¡Gracias por su pago!]]></subject> <content type="html"><![CDATA[<p>Hola, {$DATA.first_name},</p> 
<p>Gracias. Hemos recibido un pago de {$DATA.total} correspondiente al pedido número {$DATA.cart_order_id}.</p>]]></content> <content type="text"><![CDATA[Hola, {$DATA.first_name},
 
Gracias. Hemos recibido un pago de {$DATA.total} correspondiente al pedido número {$DATA.cart_order_id}.]]></content></email></emails>